{
  "getAllUserGrants" : {
    "transaction" : "getAllUserGrants",
    "sampleCount" : 100,
    "errorCount" : 1,
    "errorPct" : 1.0,
    "meanResTime" : 39128.329999999994,
    "medianResTime" : 39984.0,
    "minResTime" : 4196.0,
    "maxResTime" : 95403.0,
    "pct1ResTime" : 78084.0,
    "pct2ResTime" : 79259.75,
    "pct3ResTime" : 95374.65999999999,
    "throughput" : 0.08959032137840085,
    "receivedKBytesPerSec" : 0.5036612134717862,
    "sentKBytesPerSec" : 0.230744072256386
  },
  "Total" : {
    "transaction" : "Total",
    "sampleCount" : 500,
    "errorCount" : 32,
    "errorPct" : 6.4,
    "meanResTime" : 36864.74,
    "medianResTime" : 7449.5,
    "minResTime" : 341.0,
    "maxResTime" : 1047187.0,
    "pct1ResTime" : 79835.80000000002,
    "pct2ResTime" : 136474.04999999996,
    "pct3ResTime" : 348209.9100000006,
    "throughput" : 0.44316812025810115,
    "receivedKBytesPerSec" : 257.606168886385,
    "sentKBytesPerSec" : 1.0811804710766326
  },
  "getNavigations" : {
    "transaction" : "getNavigations",
    "sampleCount" : 100,
    "errorCount" : 19,
    "errorPct" : 19.0,
    "meanResTime" : 42205.630000000005,
    "medianResTime" : 2867.0,
    "minResTime" : 341.0,
    "maxResTime" : 1047187.0,
    "pct1ResTime" : 56191.900000000205,
    "pct2ResTime" : 98870.34999999964,
    "pct3ResTime" : 1047181.07,
    "throughput" : 0.09173217873097704,
    "receivedKBytesPerSec" : 2.870896489982846,
    "sentKBytesPerSec" : 0.19294125901268655
  },
  "getAllModules" : {
    "transaction" : "getAllModules",
    "sampleCount" : 100,
    "errorCount" : 4,
    "errorPct" : 4.0,
    "meanResTime" : 88828.52,
    "medianResTime" : 55209.5,
    "minResTime" : 6188.0,
    "maxResTime" : 1044763.0,
    "pct1ResTime" : 164225.4,
    "pct2ResTime" : 197412.84999999977,
    "pct3ResTime" : 1037803.8799999964,
    "throughput" : 0.08930636638294034,
    "receivedKBytesPerSec" : 254.83688600338158,
    "sentKBytesPerSec" : 0.2216193298271654
  },
  "getAllRolesAndGrades" : {
    "transaction" : "getAllRolesAndGrades",
    "sampleCount" : 100,
    "errorCount" : 0,
    "errorPct" : 0.0,
    "meanResTime" : 4537.749999999999,
    "medianResTime" : 2745.0,
    "minResTime" : 352.0,
    "maxResTime" : 44978.0,
    "pct1ResTime" : 8290.10000000001,
    "pct2ResTime" : 16066.64999999997,
    "pct3ResTime" : 44803.97999999991,
    "throughput" : 0.08980288267253378,
    "receivedKBytesPerSec" : 0.8493826753401285,
    "sentKBytesPerSec" : 0.23538177450496162
  },
  "getProjectNavs" : {
    "transaction" : "getProjectNavs",
    "sampleCount" : 100,
    "errorCount" : 8,
    "errorPct" : 8.0,
    "meanResTime" : 9623.470000000001,
    "medianResTime" : 5397.5,
    "minResTime" : 591.0,
    "maxResTime" : 100520.0,
    "pct1ResTime" : 19692.900000000005,
    "pct2ResTime" : 52239.29999999985,
    "pct3ResTime" : 100074.01999999977,
    "throughput" : 0.09273332399817871,
    "receivedKBytesPerSec" : 0.6051881773589735,
    "sentKBytesPerSec" : 0.22411760764716082
  }
}